{
    "mqtt": {
        "host": "bruxelles.local",
        "port": 9883,
        "topic": "sensors"
    },
    "calibration": {
        "enable": true,
        "duration": 60
    },
    "sensors": {
        "Sensor_1": {
            "x": 0,
            "y": 0,
            "sensors": {
                "MQ3": {
                    "R_2": 15000,
                    "V_in": 1.51515,
                    "a": -0.372222,
                    "b": 0.152611111,
                    "R_0": 49320.79
                },
                "MQ136": {
                    "R_2": 15000,
                    "V_in": 1.51515,
                    "a": 1,
                    "b": 0,
                    "R_0": 1000
                }
            }
        },
        "Sensor_2": {
            "x": 6,
            "y": 0,
            "sensors": {
                "MQ3": {
                    "R_2": 15000,
                    "V_in": 1.51515,
                    "a": -0.372222,
                    "b": 0.152611111,
                    "R_0": 58154.48
                },
                "MQ136": {
                    "R_2": 15000,
                    "V_in": 1.51515,
                    "a": 1,
                    "b": 0,
                    "R_0": 1000
                }
            }
        },
        "Sensor_3": {
            "x": 6,
            "y": 7,
            "sensors": {
                "MQ3": {
                    "R_2": 15000,
                    "V_in": 1.51515,
                    "a": -0.372222,
                    "b": 0.152611111,
                    "R_0": 51607.10
                },
                "MQ136": {
                    "R_2": 15000,
                    "V_in": 1.51515,
                    "a": 1,
                    "b": 0,
                    "R_0": 1000
                }
            }
        },
        "Sensor_4": {
            "x": 1.5,
            "y": 1.5,
            "sensors": {
                "MQ3": {
                    "R_2": 15000,
                    "V_in": 1.51515,
                    "a": -0.372222,
                    "b": 0.152611111,
                    "R_0": 237853.34
                },
                "MQ136": {
                    "R_2": 15000,
                    "V_in": 1.51515,
                    "a": 1,
                    "b": 0,
                    "R_0": 1000
                }
            }
        }
    }
}